<?xml version="1.0" encoding="UTF-8"?>
<!DOCTYPE mapper
  PUBLIC "-//mybatis.org//DTD Mapper 3.0//EN"
  "http://mybatis.org/dtd/mybatis-3-mapper.dtd">

<mapper namespace="store.mapper.CommentMapper">

	<resultMap type="Comment" id="CommentMap">
		<id property="id" column="comment_id" />
		<result property="photo" column="COMMENTPHOTO"/>
	</resultMap>

	<insert id="create" parameterType="Comment">
		<selectKey keyProperty="commentId" resultType="String" order="BEFORE">
			SELECT comment_seq.nextval FROM dual
		</selectKey>
		INSERT INTO comment_tb(commentId, betId, userId, content, photo, RegDate)
		VALUES(#{commentId}, #{betId}, #{userId}, #{content}, #{photo}, SYSDATE)
	</insert>

	<select id="search" parameterType="String" resultType="Comment"
		resultMap="CommentMap">
		SELECT commentId, betId, userId, content, photo, RegDate
		FROM comment_tb
		WHERE commentId = #{commentId}
	</select>

	<select id="searchAll" parameterType="String" resultType="Comment">
		SELECT commentId, betId, userId, content, photo, RegDate
		FROM comment_tb
		WHERE betId = #{betId}
	</select>

	<delete id="delete" parameterType="String">
		DELETE FROM comment_tb
		WHERE
		commentId = #{commentId}
	</delete>
</mapper>