<?xml version="1.0" encoding="UTF-8"?>
<!DOCTYPE mapper
  PUBLIC "-//mybatis.org//DTD Mapper 3.0//EN"
  "http://mybatis.org/dtd/mybatis-3-mapper.dtd">

<mapper namespace="store.mapper.TeamMapper">

	<resultMap type="Team" id="TeamMap">
		<result property="teamId" column="teamId" />
		<result property="betId" column="betId" />
		<result property="result" column="result" />
		<result property="start" column="startBet" />
		<result property="teamName" column="teamName" />
	</resultMap>

	<insert id="create" parameterType="Team">
		<selectKey keyProperty="teamId" resultType="string" order="BEFORE">
 	 select team_seq.nextval from dual
  	</selectKey>
		INSERT INTO team_tb(teamId, betId, result, teamName, startBet)
		VALUES(#{teamId}, #{betId}, 'N', #{teamName}, 'N' )
	</insert>

	<select id="search" parameterType="String" resultType="Team" resultMap="TeamMap">
		SELECT
		teamId, betId, result, teamName, startBet
		FROM team_tb
		WHERE teamId = #{teamId}
	</select>

	<select id="searchByBetId" parameterType="String" resultType="Team" resultMap="TeamMap">
		SELECT teamId, betId, result, teamName, startBet
		FROM team_tb
		WHERE
		betId = #{betId}
	</select>

	<update id="update" parameterType="Team">
		UPDATE team_tb
		set result =
		#{result},
		startBet = #{start}
		WHERE teamId = #{teamId}
	</update>

	<delete id="delete" parameterType="String">
		DELETE FROM team_tb
		WHERE betId = #{betId}
	</delete>
	
	
	<select id="searchByTeamName" parameterType="HashMap" resultType="Team" resultMap="TeamMap">
		SELECT teamId, betId, result, teamName, startBet
		FROM team_tb
		WHERE
		betId = #{betId} AND teamName = #{teamName}
	</select>
</mapper>