<?xml version="1.0" encoding="UTF-8"?>
<!DOCTYPE mapper
  PUBLIC "-//mybatis.org//DTD Mapper 3.0//EN"
  "http://mybatis.org/dtd/mybatis-3-mapper.dtd">
  
  <mapper namespace="store.mapper.UserMapper">
  
  
  <insert id="create" parameterType="User">
  INSERT INTO user_tb(userId, password, name, point)
  VALUES(#{userId}, #{password}, #{name}, 300)
  </insert>
  
  <select id="searchByUserId" parameterType="String" resultType="user">
  SELECT userId, password, name, point
  FROM user_tb
  WHERE userId = #{userId}
  </select>
  
  <select id="searchByName" parameterType="String" resultType="User">
  SELECT userId, password, name, point
  FROM user_tb
  WHERE name = #{name}
  </select>
  
  <select id="searchByPoint">
  SELECT userId, password, name, point
  FROM user_tb
  WHERE point = #{point}
  </select>
  
  <update id="update" parameterType="User">
  UPDATE user_tb
  set password = #{password}
  WHERE userId = #{userId}
  </update>
  
  <delete id="delete" parameterType="String">
  DELETE FROM user_tb 
  WHERE userId = #{userId}
  </delete>
  
  
  
  </mapper>